Implementation,Total_Issues,Issues_Rank,Avg_Complexity,Complexity_Rank,Avg_MI_Score,MI_Rank,Overall_Rank
Claude Code (Tuned),188,3.0,3.392156862745098,2.0,83.39243619315991,2.0,2.3333333333333335
Copilot GPT (Tuned),48,1.0,1.4166666666666667,6.0,90.71830420751175,1.0,2.6666666666666665
Copilot GPT (Basic),176,2.0,2.206896551724138,5.0,76.83086317845714,3.0,3.3333333333333335
Copilot Claude (Basic),357,4.0,2.519230769230769,4.0,76.31936996931556,4.0,4.0
Copilot Claude (Tuned),366,5.0,3.673076923076923,1.0,65.12385880125639,6.0,4.0
Claude Code (Basic),612,6.0,3.2,3.0,67.11900994311328,5.0,4.666666666666667
