{
  "model_name": "xgboost",
  "dataset_name": "validation",
  "metrics": {
    "accuracy": 0.8044692737430168,
    "precision": 0.8026579055593291,
    "recall": 0.8044692737430168,
    "f1_score": 0.8022599613032163,
    "roc_auc": 0.8391963109354413
  },
  "confusion_matrix": {
    "true_positives": 48,
    "false_positives": 14,
    "true_negatives": 96,
    "false_negatives": 21,
    "sensitivity": 0.6956521739130435,
    "specificity": 0.8727272727272727,
    "precision": 0.7741935483870968
  },
  "classification_report": {
    "Not Survived": {
      "precision": 0.8205128205128205,
      "recall": 0.8727272727272727,
      "f1-score": 0.8458149779735683,
      "support": 110.0
    },
    "Survived": {
      "precision": 0.7741935483870968,
      "recall": 0.6956521739130435,
      "f1-score": 0.732824427480916,
      "support": 69.0
    },
    "accuracy": 0.8044692737430168,
    "macro avg": {
      "precision": 0.7973531844499586,
      "recall": 0.784189723320158,
      "f1-score": 0.7893197027272422,
      "support": 179.0
    },
    "weighted avg": {
      "precision": 0.8026579055593291,
      "recall": 0.8044692737430168,
      "f1-score": 0.8022599613032163,
      "support": 179.0
    }
  },
  "feature_importance": {
    "Pclass": 0.11400145292282104,
    "Age": 0.02752920612692833,
    "SibSp": 0.0209482591599226,
    "Parch": 0.019005708396434784,
    "Fare": 0.033714231103658676,
    "Title_Numeric": 0.423062801361084,
    "FamilySize": 0.07133346796035767,
    "IsAlone": 0.0,
    "TicketFrequency": 0.06197832524776459,
    "Sex": 0.011166732758283615,
    "Embarked": 0.03475338965654373,
    "Title": 0.023327097296714783,
    "FamilySize_Category": 0.02208370715379715,
    "Deck": 0.07980342209339142,
    "Age_Category": 0.0320642851293087,
    "Fare_Category": 0.02522791177034378
  },
  "cross_validation_scores": [
    0.8324022346368715,
    0.7865168539325843,
    0.8651685393258427,
    0.7808988764044944,
    0.8370786516853933
  ]
}